<?xml version="1.0" encoding="UTF-8"?><?xml-stylesheet type='text/xsl' href='_UpgradeReport_Files/UpgradeReport.xslt'?><UpgradeLog>
<Properties><Property Name="Solution" Value="ADOServices.OAuth">
</Property><Property Name="Solution File" Value="E:\TDDOWNLOAD\ADOServices_OAuth\ADOServices.OAuth.sln">
</Property><Property Name="Date" Value="2011年7月30日">
</Property><Property Name="Time" Value="17:16">
</Property></Properties><Event ErrorLevel="0" Project="" Source="ADOServices.OAuth.sln" Description="File successfully backed up as E:\TDDOWNLOAD\ADOServices_OAuth\Backup\ADOServices.OAuth.sln">
</Event><Event ErrorLevel="0" Project="ADOServices.OAuth" Source="ADOServices.OAuth\ADOServices.OAuth.csproj" Description="Project file successfully backed up as E:\TDDOWNLOAD\ADOServices_OAuth\Backup\ADOServices.OAuth\ADOServices.OAuth.csproj">
</Event><Event ErrorLevel="0" Project="ADOServices.OAuth" Source="ADOServices.OAuth\ADOServices.OAuth.csproj.user" Description="Project user file successfully backed up as E:\TDDOWNLOAD\ADOServices_OAuth\Backup\ADOServices.OAuth\ADOServices.OAuth.csproj.user">
</Event><Event ErrorLevel="0" Project="ADOServices.OAuth" Source="ADOServices.OAuth\Contacts.cs" Description="File successfully backed up as E:\TDDOWNLOAD\ADOServices_OAuth\Backup\ADOServices.OAuth\Contacts.cs">
</Event><Event ErrorLevel="0" Project="ADOServices.OAuth" Source="ADOServices.OAuth\contacts.svc.cs" Description="File successfully backed up as E:\TDDOWNLOAD\ADOServices_OAuth\Backup\ADOServices.OAuth\contacts.svc.cs">
</Event><Event ErrorLevel="0" Project="ADOServices.OAuth" Source="ADOServices.OAuth\Login.aspx.cs" Description="File successfully backed up as E:\TDDOWNLOAD\ADOServices_OAuth\Backup\ADOServices.OAuth\Login.aspx.cs">
</Event><Event ErrorLevel="0" Project="ADOServices.OAuth" Source="ADOServices.OAuth\Login.aspx.designer.cs" Description="File successfully backed up as E:\TDDOWNLOAD\ADOServices_OAuth\Backup\ADOServices.OAuth\Login.aspx.designer.cs">
</Event><Event ErrorLevel="0" Project="ADOServices.OAuth" Source="ADOServices.OAuth\OAuthServiceLocator.cs" Description="File successfully backed up as E:\TDDOWNLOAD\ADOServices_OAuth\Backup\ADOServices.OAuth\OAuthServiceLocator.cs">
</Event><Event ErrorLevel="0" Project="ADOServices.OAuth" Source="ADOServices.OAuth\Properties\AssemblyInfo.cs" Description="File successfully backed up as E:\TDDOWNLOAD\ADOServices_OAuth\Backup\ADOServices.OAuth\Properties\AssemblyInfo.cs">
</Event><Event ErrorLevel="0" Project="ADOServices.OAuth" Source="ADOServices.OAuth\UserAuthorize.aspx.cs" Description="File successfully backed up as E:\TDDOWNLOAD\ADOServices_OAuth\Backup\ADOServices.OAuth\UserAuthorize.aspx.cs">
</Event><Event ErrorLevel="0" Project="ADOServices.OAuth" Source="ADOServices.OAuth\UserAuthorize.aspx.designer.cs" Description="File successfully backed up as E:\TDDOWNLOAD\ADOServices_OAuth\Backup\ADOServices.OAuth\UserAuthorize.aspx.designer.cs">
</Event><Event ErrorLevel="0" Project="ADOServices.OAuth" Source="ADOServices.OAuth\AccessToken.ashx" Description="File successfully backed up as E:\TDDOWNLOAD\ADOServices_OAuth\Backup\ADOServices.OAuth\AccessToken.ashx">
</Event><Event ErrorLevel="0" Project="ADOServices.OAuth" Source="ADOServices.OAuth\RequestToken.ashx" Description="File successfully backed up as E:\TDDOWNLOAD\ADOServices_OAuth\Backup\ADOServices.OAuth\RequestToken.ashx">
</Event><Event ErrorLevel="0" Project="ADOServices.OAuth" Source="ADOServices.OAuth\contacts.svc" Description="File successfully backed up as E:\TDDOWNLOAD\ADOServices_OAuth\Backup\ADOServices.OAuth\contacts.svc">
</Event><Event ErrorLevel="0" Project="ADOServices.OAuth" Source="ADOServices.OAuth\Login.aspx" Description="File successfully backed up as E:\TDDOWNLOAD\ADOServices_OAuth\Backup\ADOServices.OAuth\Login.aspx">
</Event><Event ErrorLevel="0" Project="ADOServices.OAuth" Source="ADOServices.OAuth\site.css" Description="File successfully backed up as E:\TDDOWNLOAD\ADOServices_OAuth\Backup\ADOServices.OAuth\site.css">
</Event><Event ErrorLevel="0" Project="ADOServices.OAuth" Source="ADOServices.OAuth\UserAuthorize.aspx" Description="File successfully backed up as E:\TDDOWNLOAD\ADOServices_OAuth\Backup\ADOServices.OAuth\UserAuthorize.aspx">
</Event><Event ErrorLevel="0" Project="ADOServices.OAuth" Source="ADOServices.OAuth\Web.config" Description="File successfully backed up as E:\TDDOWNLOAD\ADOServices_OAuth\Backup\ADOServices.OAuth\Web.config">
</Event><Event ErrorLevel="0" Project="ADOServices.OAuth" Source="ADOServices.OAuth\ADOServices.OAuth.csproj" Description="Project converted successfully">
</Event><Event ErrorLevel="3" Project="ADOServices.OAuth" Source="ADOServices.OAuth\ADOServices.OAuth.csproj" Description="Converted">
</Event><Event ErrorLevel="0" Project="OAuthChannel" Source="OAuth.Channel\OAuthChannel.csproj" Description="Project file successfully backed up as E:\TDDOWNLOAD\ADOServices_OAuth\Backup\OAuth.Channel\OAuthChannel.csproj">
</Event><Event ErrorLevel="0" Project="OAuthChannel" Source="OAuth.Channel\Models\AccessToken.cs" Description="File successfully backed up as E:\TDDOWNLOAD\ADOServices_OAuth\Backup\OAuth.Channel\Models\AccessToken.cs">
</Event><Event ErrorLevel="0" Project="OAuthChannel" Source="OAuth.Channel\Implementation\InMemoryTokenStore.cs" Description="File successfully backed up as E:\TDDOWNLOAD\ADOServices_OAuth\Backup\OAuth.Channel\Implementation\InMemoryTokenStore.cs">
</Event><Event ErrorLevel="0" Project="OAuthChannel" Source="OAuth.Channel\OAuthInterceptor.cs" Description="File successfully backed up as E:\TDDOWNLOAD\ADOServices_OAuth\Backup\OAuth.Channel\OAuthInterceptor.cs">
</Event><Event ErrorLevel="0" Project="OAuthChannel" Source="OAuth.Channel\Properties\AssemblyInfo.cs" Description="File successfully backed up as E:\TDDOWNLOAD\ADOServices_OAuth\Backup\OAuth.Channel\Properties\AssemblyInfo.cs">
</Event><Event ErrorLevel="0" Project="OAuthChannel" Source="OAuth.Channel\Models\RequestToken.cs" Description="File successfully backed up as E:\TDDOWNLOAD\ADOServices_OAuth\Backup\OAuth.Channel\Models\RequestToken.cs">
</Event><Event ErrorLevel="0" Project="OAuthChannel" Source="OAuth.Channel\Repositories\ITokenRepository.cs" Description="File successfully backed up as E:\TDDOWNLOAD\ADOServices_OAuth\Backup\OAuth.Channel\Repositories\ITokenRepository.cs">
</Event><Event ErrorLevel="0" Project="OAuthChannel" Source="OAuth.Channel\Repositories\InMemoryTokenRepository.cs" Description="File successfully backed up as E:\TDDOWNLOAD\ADOServices_OAuth\Backup\OAuth.Channel\Repositories\InMemoryTokenRepository.cs">
</Event><Event ErrorLevel="0" Project="OAuthChannel" Source="OAuth.Channel\TokenPrincipal.cs" Description="File successfully backed up as E:\TDDOWNLOAD\ADOServices_OAuth\Backup\OAuth.Channel\TokenPrincipal.cs">
</Event><Event ErrorLevel="0" Project="OAuthChannel" Source="OAuth.Channel\OAuthChannel.csproj" Description="Project converted successfully">
</Event><Event ErrorLevel="3" Project="OAuthChannel" Source="OAuth.Channel\OAuthChannel.csproj" Description="Converted">
</Event><Event ErrorLevel="0" Project="ExampleConsumerSite" Source="ExampleConsumerSite\ExampleConsumerSite.csproj" Description="Project file successfully backed up as E:\TDDOWNLOAD\ADOServices_OAuth\Backup\ExampleConsumerSite\ExampleConsumerSite.csproj">
</Event><Event ErrorLevel="0" Project="ExampleConsumerSite" Source="ExampleConsumerSite\ExampleConsumerSite.csproj.user" Description="Project user file successfully backed up as E:\TDDOWNLOAD\ADOServices_OAuth\Backup\ExampleConsumerSite\ExampleConsumerSite.csproj.user">
</Event><Event ErrorLevel="0" Project="ExampleConsumerSite" Source="ExampleConsumerSite\Default.aspx.cs" Description="File successfully backed up as E:\TDDOWNLOAD\ADOServices_OAuth\Backup\ExampleConsumerSite\Default.aspx.cs">
</Event><Event ErrorLevel="0" Project="ExampleConsumerSite" Source="ExampleConsumerSite\OAuthSessionFactory.cs" Description="File successfully backed up as E:\TDDOWNLOAD\ADOServices_OAuth\Backup\ExampleConsumerSite\OAuthSessionFactory.cs">
</Event><Event ErrorLevel="0" Project="ExampleConsumerSite" Source="ExampleConsumerSite\Properties\AssemblyInfo.cs" Description="File successfully backed up as E:\TDDOWNLOAD\ADOServices_OAuth\Backup\ExampleConsumerSite\Properties\AssemblyInfo.cs">
</Event><Event ErrorLevel="0" Project="ExampleConsumerSite" Source="ExampleConsumerSite\Properties\Resources.Designer.cs" Description="File successfully backed up as E:\TDDOWNLOAD\ADOServices_OAuth\Backup\ExampleConsumerSite\Properties\Resources.Designer.cs">
</Event><Event ErrorLevel="0" Project="ExampleConsumerSite" Source="ExampleConsumerSite\Properties\Settings.Designer.cs" Description="File successfully backed up as E:\TDDOWNLOAD\ADOServices_OAuth\Backup\ExampleConsumerSite\Properties\Settings.Designer.cs">
</Event><Event ErrorLevel="0" Project="ExampleConsumerSite" Source="ExampleConsumerSite\Callback.ashx" Description="File successfully backed up as E:\TDDOWNLOAD\ADOServices_OAuth\Backup\ExampleConsumerSite\Callback.ashx">
</Event><Event ErrorLevel="0" Project="ExampleConsumerSite" Source="ExampleConsumerSite\ViewData.ashx" Description="File successfully backed up as E:\TDDOWNLOAD\ADOServices_OAuth\Backup\ExampleConsumerSite\ViewData.ashx">
</Event><Event ErrorLevel="0" Project="ExampleConsumerSite" Source="ExampleConsumerSite\Properties\Settings.settings" Description="File successfully backed up as E:\TDDOWNLOAD\ADOServices_OAuth\Backup\ExampleConsumerSite\Properties\Settings.settings">
</Event><Event ErrorLevel="0" Project="ExampleConsumerSite" Source="ExampleConsumerSite\site.css" Description="File successfully backed up as E:\TDDOWNLOAD\ADOServices_OAuth\Backup\ExampleConsumerSite\site.css">
</Event><Event ErrorLevel="0" Project="ExampleConsumerSite" Source="ExampleConsumerSite\Default.aspx" Description="File successfully backed up as E:\TDDOWNLOAD\ADOServices_OAuth\Backup\ExampleConsumerSite\Default.aspx">
</Event><Event ErrorLevel="0" Project="ExampleConsumerSite" Source="ExampleConsumerSite\Web.config" Description="File successfully backed up as E:\TDDOWNLOAD\ADOServices_OAuth\Backup\ExampleConsumerSite\Web.config">
</Event><Event ErrorLevel="0" Project="ExampleConsumerSite" Source="ExampleConsumerSite\Properties\Resources.resx" Description="File successfully backed up as E:\TDDOWNLOAD\ADOServices_OAuth\Backup\ExampleConsumerSite\Properties\Resources.resx">
</Event><Event ErrorLevel="0" Project="ExampleConsumerSite" Source="ExampleConsumerSite\ExampleConsumerSite.csproj" Description="Project converted successfully">
</Event><Event ErrorLevel="3" Project="ExampleConsumerSite" Source="ExampleConsumerSite\ExampleConsumerSite.csproj" Description="Converted">
</Event><Event ErrorLevel="0" Project="" Source="ADOServices.OAuth.sln" Description="Solution converted successfully">
</Event><Event ErrorLevel="3" Project="" Source="ADOServices.OAuth.sln" Description="Converted">
</Event><Event ErrorLevel="0" Project="ADOServices.OAuth" Source="ADOServices.OAuth\ADOServices.OAuth.csproj" Description="Scan complete: Upgrade not required for project files.">
</Event><Event ErrorLevel="0" Project="OAuthChannel" Source="OAuth.Channel\OAuthChannel.csproj" Description="Scan complete: Upgrade not required for project files.">
</Event><Event ErrorLevel="0" Project="ExampleConsumerSite" Source="ExampleConsumerSite\ExampleConsumerSite.csproj" Description="Scan complete: Upgrade not required for project files.">
</Event></UpgradeLog>