﻿{
  "ReRoutes": [
    {
      "DownstreamPathTemplate": "/auth/{url}",
      "DownstreamScheme": "http",
      "UpstreamPathTemplate": "/auth/{url}",
      "UpstreamHttpMethod": [ "Get", "Post", "Delete", "Put" ],
      "DownstreamHostAndPorts": [
        {
          "Host": "localhost",
          "Port": 5001
        }
      ],
      "QoSOptions": {
        "ExceptionsAllowedBeforeBreaking": 3,
        "DurationOfBreak": 10,
        "TimeoutValue": 5000
      }
    },
    {
      "DownstreamPathTemplate": "/api/{url}",
      "DownstreamScheme": "http",
      "UpstreamPathTemplate": "/api/{url}",
      "UpstreamHttpMethod": [ "Get", "Post", "Delete", "Put" ],
      "DownstreamHostAndPorts": [
        {
          "Host": "localhost",
          "Port": 5002
        }
      ],
      "QoSOptions": {
        "ExceptionsAllowedBeforeBreaking": 3,
        "DurationOfBreak": 10,
        "TimeoutValue": 5000
      },
      "AuthenticationOptions": {
        "AuthenticationProviderKey": "Bearer",
        "AllowedScopes": [
        ]
      }
    }
  ],
  "GlobalConfiguration": {
  }
}